State,Obama,McCain,Start,End,Pollster
AL,36,61,Oct 27,Oct 28,SurveyUSA
AL,34,54,Oct 15,Oct 16,Capital Survey
AL,35,62,Oct 08,Oct 09,SurveyUSA
AL,35,55,Oct 06,Oct 07,Capital Survey
AL,39,60,Sep 22,Sep 22,Rasmussen
AL,34,64,Sep 16,Sep 17,SurveyUSA
AL,36,58,Sep 13,Sep 16,ARG
AL,25,52,Sep 08,Sep 15,U. of South Alabama
AL,35,55,Sep 03,Sep 09,Capital Survey
AL,34,47,Jul 29,Aug 04,Capital Survey
AL,37,55,Jul 31,Jul 31,Rasmussen
AL,36,49,Jun 25,Jun 26,Capital Survey
AL,36,51,Jun 26,Jun 26,Rasmussen
AL,33,57,May 29,Jun 02,Capital Survey
AL,32,60,May 27,May 27,Rasmussen
AL,34,57,May 16,May 18,SurveyUSA
AL,36,55,Apr 16,Apr 24,Capital Survey
AL,32,64,Apr 11,Apr 13,SurveyUSA
AL,37,55,Apr 02,Apr 02,Rasmussen
AL,30,57,Mar 24,Mar 27,U. of South Alabama
AL,35,62,Mar 14,Mar 16,SurveyUSA
AL,40,54,Feb 26,Feb 28,SurveyUSA
AL,29,63,Jan 16,Jan 17,SurveyUSA
AK,41,57,Oct 28,Oct 28,Rasmussen
AK,42,53,Oct 17,Oct 19,Ivan Moore Research
AK,38,55,Oct 03,Oct 06,Ivan Moore Research
AK,40,55,Oct 06,Oct 06,Rasmussen
AK,37,55,Sep 17,Sep 21,Fairleigh Dickinson U.
AK,39,55,Sep 09,Sep 11,ARG
AK,33,64,Sep 09,Sep 09,Rasmussen
AK,35,54,Aug 30,Sep 02,Ivan Moore Research
AK,39,44,Jul 30,Jul 30,Rasmussen
AK,40,45,Jul 17,Jul 17,Rasmussen
AK,41,45,Jun 16,Jun 16,Rasmussen
AK,41,50,May 14,May 14,Rasmussen
AK,43,48,Apr 07,Apr 07,Rasmussen
AK,43,48,Feb 26,Feb 28,SurveyUSA
AZ,46,50,Oct 28,Oct 30,ARG
AZ,44,48,Oct 27,Oct 28,Mason-Dixon
AZ,46,53,Oct 23,Oct 28,Opinion Research
AZ,41,49,Oct 18,Oct 27,Northern Arizona U.
AZ,44,46,Oct 23,Oct 26,Arizona State U.
AZ,46,51,Oct 26,Oct 26,Rasmussen
AZ,42,44,Oct 16,Oct 19,Zimmerman
AZ,38,59,Sep 29,Sep 29,Rasmussen
AZ,38,45,Sep 25,Sep 28,Arizona State U.
AZ,39,56,Sep 11,Sep 14,ARG
AZ,30,40,Aug 14,Aug 16,Arizona State U.
AZ,41,47,Aug 13,Aug 15,Mason-Dixon
AZ,36,52,Jul 30,Jul 30,Rasmussen
AZ,40,49,Jun 25,Jun 25,Rasmussen
AZ,28,38,Jun 20,Jun 21,Arizona State U.
AZ,39,50,May 12,May 20,Rocky Mtn Poll
AZ,38,47,Apr 24,Apr 27,Arizona State U.
AZ,37,57,Apr 15,Apr 15,Rasmussen
AZ,33,55,Mar 30,Apr 08,Northern Arizona U.
AZ,39,51,Feb 26,Feb 28,SurveyUSA
AZ,38,49,Feb 21,Feb 24,Arizona State U.
AR,44,51,Oct 28,Oct 31,ARG
AR,44,54,Oct 27,Oct 27,Rasmussen
AR,36,51,Oct 01,Oct 21,U. of Arkansas
AR,41,53,Sep 20,Sep 22,ARG
AR,42,51,Sep 22,Sep 22,Rasmussen
AR,37,47,Jul 14,Jul 14,Rasmussen
AR,41,45,Jun 16,Jun 16,Rasmussen
AR,39,48,Jun 12,Jun 12,Rasmussen
AR,33,57,May 12,May 12,Rasmussen
AR,30,59,Mar 18,Mar 18,Rasmussen
AR,27,43,Mar 06,Mar 11,Opinion Res.
AR,33,53,Feb 26,Feb 28,SurveyUSA
CA,60,36,Oct 29,Oct 31,SurveyUSA
CA,55,33,Oct 18,Oct 28,Field Poll
CA,61,34,Oct 25,Oct 25,Rasmussen
CA,56,33,Oct 12,Oct 19,Public Policy Inst. of Calif.
CA,59,35,Oct 15,Oct 16,SurveyUSA
CA,56,40,Oct 09,Oct 09,Rasmussen
CA,55,39,Oct 04,Oct 05,SurveyUSA
CA,53,43,Sep 23,Sep 24,SurveyUSA
CA,56,39,Sep 22,Sep 22,Rasmussen
CA,53,39,Sep 18,Sep 20,ARG
CA,50,40,Sep 09,Sep 16,Public Policy Inst. of Calif.
CA,52,36,Sep 05,Sep 14,Field Poll
CA,51,37,Aug 20,Aug 20,Rasmussen
CA,48,39,Aug 12,Aug 19,Pub. Policy Inst. of Calif.
CA,50,38,Jul 24,Jul 24,Rasmussen
CA,50,35,Jul 08,Jul 22,Pub. Policy Inst. of Calif.
CA,54,30,Jul 08,Jul 14,Field Poll
CA,58,30,Jun 23,Jun 23,Rasmussen
CA,53,41,Jun 17,Jun 19,SurveyUSA
CA,52,35,May 16,May 27,Field Poll
CA,47,40,May 20,May 21,LA Times
CA,52,38,May 20,May 20,Rasmussen
CA,49,41,May 16,May 18,SurveyUSA
CA,50,43,Apr 16,Apr 16,Rasmussen
CA,50,43,Apr 11,Apr 13,SurveyUSA
CA,49,40,Mar 11,Mar 18,Public Policy Inst. of Calif.
CA,54,40,Mar 14,Mar 16,SurveyUSA
CA,53,38,Mar 12,Mar 12,Rasmussen
CA,51,40,Feb 26,Feb 28,SurveyUSA
CA,61,34,Feb 15,Feb 17,SurveyUSA
CO,52,45,Oct 28,Oct 30,ARG
CO,49,44,Oct 28,Oct 29,Mason-Dixon
CO,51,45,Oct 27,Oct 28,Marist Coll.
CO,53,45,Oct 23,Oct 28,Opinion Research
CO,48,44,Oct 23,Oct 27,Financial Dynamics
CO,50,41,Oct 22,Oct 26,GfK Roper
CO,50,46,Oct 26,Oct 26,Rasmussen
CO,53,45,Oct 26,Oct 26,Insider Advantage
CO,52,40,Oct 21,Oct 23,Public Opinion Strat.
CO,51,46,Oct 20,Oct 20,Insider Advantage
CO,51,46,Oct 19,Oct 19,Rasmussen
CO,52,45,Oct 16,Oct 16,Rasmussen
CO,51,47,Oct 11,Oct 14,Opinion Research
CO,47,43,Oct 10,Oct 13,Suffolk U.
CO,52,43,Oct 08,Oct 12,Quinnipiac U.
CO,51,45,Oct 06,Oct 06,Insider Advantage
CO,51,45,Oct 05,Oct 05,Rasmussen
CO,44,44,Sep 29,Oct 01,Mason-Dixon
CO,49,48,Sep 28,Sep 28,Rasmussen
CO,45,48,Sep 23,Sep 25,ARG
CO,44,43,Sep 19,Sep 23,Ciruli Assoc.
CO,50,41,Sep 23,Sep 23,Insider Advantage
CO,50,47,Sep 23,Sep 23,Rasmussen
CO,51,47,Sep 21,Sep 23,Opinion Research
CO,49,45,Sep 14,Sep 21,Quinnipiac U.
CO,51,41,Sep 17,Sep 17,Insider Advantage
CO,45,44,Sep 11,Sep 15,Financial Dynamics
CO,46,48,Sep 14,Sep 14,Rasmussen
CO,44,46,Sep 10,Sep 13,ARG
CO,49,46,Sep 09,Sep 10,Insider Advantage
CO,49,46,Sep 07,Sep 07,Rasmussen
CO,46,47,Aug 24,Aug 26,Opinion Research
CO,44,39,Aug 21,Aug 24,Suffolk U.
CO,46,47,Aug 15,Aug 21,Quinnipiac U.
CO,46,43,Aug 13,Aug 15,Mason-Dixon
CO,41,44,Aug 11,Aug 13,Rocky Mtn Poll
CO,45,47,Aug 13,Aug 13,Rasmussen
CO,44,46,Jul 14,Jul 22,Quinnipiac U.
CO,49,42,Jul 21,Jul 21,Rasmussen
CO,49,44,Jun 17,Jun 24,Quinnipiac U.
CO,43,41,Jun 17,Jun 17,Rasmussen
CO,48,42,May 19,May 19,Rasmussen
CO,46,43,Apr 16,Apr 16,Rasmussen
CO,46,46,Mar 17,Mar 17,Rasmussen
CO,50,41,Feb 26,Feb 28,SurveyUSA
CT,56,31,Oct 18,Oct 22,U. of Connecticut
CT,56,39,Oct 14,Oct 14,Rasmussen
CT,54,38,Sep 24,Sep 25,SurveyUSA
CT,49,35,Sep 19,Sep 23,Pulsar Research
CT,54,39,Sep 17,Sep 19,ARG
CT,53,41,Sep 16,Sep 16,Rasmussen
CT,51,36,Jul 31,Jul 31,Rasmussen
CT,52,35,Jun 30,Jun 30,Rasmussen
CT,56,35,Jun 26,Jun 29,Quinnipiac U.
CT,47,44,May 29,May 29,Rasmussen
CT,52,35,Mar 19,Mar 24,Quinnipiac U.
CT,50,38,Mar 11,Mar 11,Rasmussen
CT,55,34,Feb 26,Feb 28,SurveyUSA
DE,63,33,Oct 27,Oct 28,SurveyUSA
DE,56,41,Oct 10,Oct 10,Rasmussen
DE,56,38,Oct 06,Oct 08,West Chester U.
DE,57,37,Sep 22,Sep 23,SurveyUSA
DE,56,36,Sep 17,Sep 21,Fairleigh Dickinson U.
DE,51,40,Sep 13,Sep 15,ARG
DE,55,43,Sep 13,Sep 13,Rasmussen
DE,50,41,Feb 26,Feb 28,SurveyUSA
DC,82,13,Sep 11,Sep 13,ARG
FL,48,46,Oct 30,Nov 02,Zogby
FL,50,46,Oct 29,Oct 31,ARG
FL,47,45,Oct 29,Oct 30,Mason-Dixon
FL,47,47,Oct 29,Oct 30,Datamar
FL,51,47,Oct 23,Oct 28,Opinion Research
FL,45,44,Oct 23,Oct 27,Financial Dynamics
FL,50,43,Oct 25,Oct 27,LA Times
FL,45,43,Oct 22,Oct 26,GfK Roper
FL,47,45,Oct 22,Oct 26,Quinnipiac U.
FL,47,47,Oct 23,Oct 26,Zogby
FL,49,44,Oct 23,Oct 26,Suffolk U.
FL,49,44,Oct 25,Oct 26,Datamar
FL,51,47,Oct 26,Oct 26,Rasmussen
FL,48,47,Oct 22,Oct 22,Insider Advantage
FL,49,42,Oct 20,Oct 22,Polling Company
FL,45,46,Oct 20,Oct 21,Mason-Dixon
FL,49,44,Oct 16,Oct 21,Quinnipiac U.
FL,48,49,Oct 19,Oct 19,Rasmussen
FL,47,49,Oct 16,Oct 17,SurveyUSA
FL,51,46,Oct 11,Oct 14,Opinion Research
FL,47,42,Oct 12,Oct 13,Datamar
FL,48,44,Oct 13,Oct 13,Insider Advantage
FL,51,46,Oct 12,Oct 12,Rasmussen
FL,50,47,Oct 08,Oct 08,Rasmussen
FL,48,46,Oct 04,Oct 06,Mason-Dixon
FL,52,45,Oct 05,Oct 05,Rasmussen
FL,46,42,Sep 27,Sep 30,Suffolk U.
FL,49,46,Sep 30,Sep 30,Insider Advantage
FL,51,47,Sep 28,Sep 30,Opinion Research
FL,51,43,Sep 27,Sep 29,Quinnipiac U.
FL,47,47,Sep 28,Sep 28,Rasmussen
FL,47,48,Sep 27,Sep 28,SurveyUSA
FL,47,46,Sep 23,Sep 25,ARG
FL,47,48,Sep 24,Sep 24,Rasmussen
FL,46,51,Sep 21,Sep 21,Rasmussen
FL,47,45,Sep 16,Sep 18,Mason-Dixon
FL,45,47,Sep 14,Sep 17,Schroth/Polling Co.
FL,45,51,Sep 16,Sep 17,SurveyUSA
FL,46,46,Sep 14,Sep 17,ARG
FL,48,48,Sep 14,Sep 16,Opinion Research
FL,44,44,Sep 11,Sep 15,Financial Dynamics
FL,44,49,Sep 14,Sep 14,Rasmussen
FL,42,50,Sep 09,Sep 10,Insider Advantage
FL,43,50,Sep 05,Sep 09,Quinnipiac U.
FL,48,48,Sep 07,Sep 07,Rasmussen
FL,45,44,Aug 25,Aug 26,Mason-Dixon
FL,43,47,Aug 17,Aug 24,Quinnipiac U.
FL,46,47,Aug 18,Aug 20,ARG
FL,43,46,Aug 18,Aug 18,Rasmussen
FL,44,48,Aug 11,Aug 11,Insider Advantage
FL,44,50,Aug 01,Aug 03,SurveyUSA
FL,46,44,Jul 23,Jul 29,Quinnipiac U.
FL,46,45,Jul 22,Jul 22,Rasmussen
FL,45,47,Jul 19,Jul 21,ARG
FL,41,48,Jun 26,Jun 26,Rasmussen
FL,39,47,Jun 18,Jun 18,Rasmussen
FL,49,44,Jun 13,Jun 17,ARG
FL,47,43,Jun 09,Jun 16,Quinnipiac U.
FL,41,45,May 13,May 20,Quinnipiac U.
FL,40,50,May 19,May 19,Rasmussen
FL,43,44,Apr 23,Apr 29,Quinnipiac U.
FL,38,53,Apr 10,Apr 10,Rasmussen
FL,37,46,Mar 24,Mar 31,Quinnipiac U.
FL,43,47,Mar 12,Mar 12,Rasmussen
FL,45,47,Feb 26,Feb 28,SurveyUSA
FL,37,53,Feb 16,Feb 16,Rasmussen
GA,47,52,Oct 30,Oct 30,Rasmussen
GA,47,52,Oct 23,Oct 28,Opinion Research
GA,47,48,Oct 27,Oct 27,Insider Advantage
GA,43,49,Oct 22,Oct 23,Mason-Dixon
GA,48,47,Oct 23,Oct 23,Insider Advantage
GA,46,51,Oct 22,Oct 22,Rasmussen
GA,45,53,Oct 11,Oct 14,Opinion Research
GA,43,51,Oct 11,Oct 12,SurveyUSA
GA,46,49,Oct 09,Oct 09,Insider Advantage
GA,45,54,Oct 07,Oct 07,Rasmussen
GA,44,50,Sep 30,Sep 30,Insider Advantage
GA,44,52,Sep 28,Sep 29,SurveyUSA
GA,39,57,Sep 18,Sep 21,ARG
GA,43,51,Sep 17,Sep 17,Insider Advantage
GA,41,57,Sep 14,Sep 16,SurveyUSA
GA,43,54,Sep 16,Sep 16,Rasmussen
GA,38,56,Sep 10,Sep 10,Insider Advantage
GA,43,50,Aug 14,Aug 14,Rasmussen
GA,39,48,Jul 17,Jul 17,Rasmussen
GA,44,46,Jul 02,Jul 02,Insider Advantage
GA,43,53,Jun 26,Jun 26,Rasmussen
GA,43,44,Jun 18,Jun 18,Insider Advantage
GA,41,51,Jun 04,Jun 04,Rasmussen
GA,39,53,May 06,May 06,Rasmussen
GA,40,53,Mar 20,Mar 20,Rasmussen
GA,41,54,Feb 26,Feb 28,SurveyUSA
HI,68,27,Sep 20,Sep 20,Rasmussen
HI,63,32,Sep 07,Sep 12,ARG
HI,61,31,Feb 26,Feb 28,SurveyUSA
ID,25,68,Sep 08,Sep 10,ARG
ID,29,68,Sep 09,Sep 09,Rasmussen
ID,29,52,Aug 18,Aug 22,Greg Smith
ID,39,52,Feb 26,Feb 28,SurveyUSA
IL,60,38,Nov 01,Nov 01,Rasmussen
IL,61,32,Oct 19,Oct 22,U. of Wisconsin
IL,56,32,Oct 16,Oct 18,Market Shares
IL,56,39,Oct 13,Oct 13,Rasmussen
IL,53,37,Sep 14,Sep 17,U. of Wisconsin
IL,56,40,Sep 17,Sep 17,Rasmussen
IL,51,45,Sep 13,Sep 16,ARG
IL,53,38,Aug 12,Aug 12,Rasmussen
IL,50,37,Jul 08,Jul 08,Rasmussen
IL,60,31,Feb 26,Feb 28,SurveyUSA
IN,44,49,Oct 30,Nov 02,Zogby
IN,48,48,Oct 28,Oct 31,ARG
IN,47,47,Oct 27,Oct 30,SurveyUSA
IN,46,49,Oct 28,Oct 29,Rasmussen
IN,46,45,Oct 26,Oct 28,Selzer
IN,44,50,Oct 23,Oct 26,Zogby
IN,45,47,Oct 23,Oct 24,Howey-Gauge
IN,49,45,Oct 21,Oct 22,SurveyUSA
IN,51,41,Oct 19,Oct 22,U. of Wisconsin
IN,43,50,Oct 07,Oct 07,Rasmussen
IN,46,51,Oct 03,Oct 06,Opinion Research
IN,45,48,Sep 28,Sep 29,SurveyUSA
IN,44,47,Sep 15,Sep 18,ARG
IN,47,49,Sep 17,Sep 18,Rasmussen
IN,43,47,Sep 14,Sep 17,U. of Wisconsin
IN,45,51,Sep 14,Sep 16,Opinion Research
IN,47,44,Sep 14,Sep 16,Selzer
IN,43,45,Aug 29,Aug 30,Howey-Gauge
IN,42,46,Aug 19,Aug 21,Rasmussen
IN,44,50,Aug 16,Aug 18,SurveyUSA
IN,48,47,Jun 21,Jun 23,SurveyUSA
IN,38,47,May 27,Jun 01,Ind. Legis. Insight
IN,49,41,Apr 20,Apr 23,Selzer
IN,44,51,Apr 14,Apr 16,IPFW U.
IN,41,50,Feb 26,Feb 28,SurveyUSA
IN,40,50,Feb 03,Feb 04,SurveyUSA
IA,54,37,Oct 28,Oct 31,Selzer
IA,55,40,Oct 28,Oct 29,SurveyUSA
IA,52,42,Oct 23,Oct 24,Marist Coll.
IA,51,40,Oct 22,Oct 23,Mason-Dixon
IA,52,44,Oct 23,Oct 23,Rasmussen
IA,52,39,Oct 19,Oct 22,U. of Wisconsin
IA,54,41,Oct 08,Oct 09,SurveyUSA
IA,51,43,Sep 25,Sep 25,Rasmussen
IA,51,41,Sep 18,Sep 21,Marist Coll.
IA,51,44,Sep 17,Sep 20,ARG
IA,54,43,Sep 17,Sep 18,SurveyUSA
IA,45,45,Sep 14,Sep 17,U. of Wisconsin
IA,52,40,Sep 08,Sep 10,Selzer
IA,55,40,Aug 31,Sep 02,Opinion Research
IA,50,43,Aug 04,Aug 13,U. of Iowa
IA,46,41,Aug 07,Aug 07,Rasmussen
IA,51,41,Jul 10,Jul 10,Rasmussen
IA,49,45,Jun 13,Jun 16,SurveyUSA
IA,45,38,Jun 10,Jun 10,Rasmussen
IA,47,38,May 21,May 22,SurveyUSA
IA,44,42,May 13,May 13,Rasmussen
IA,49,42,Apr 11,Apr 13,SurveyUSA
IA,46,42,Mar 31,Mar 31,Rasmussen
IA,50,44,Mar 14,Mar 16,SurveyUSA
IA,50,41,Feb 26,Feb 28,SurveyUSA
IA,44,41,Feb 18,Feb 18,Rasmussen
IA,51,41,Feb 15,Feb 17,SurveyUSA
KS,37,58,Oct 27,Oct 28,SurveyUSA
KS,41,53,Oct 21,Oct 22,SurveyUSA
KS,41,54,Oct 13,Oct 13,Rasmussen
KS,41,53,Sep 21,Sep 22,SurveyUSA
KS,38,58,Sep 18,Sep 18,Rasmussen
KS,31,63,Sep 07,Sep 10,ARG
KS,35,58,Aug 18,Aug 20,SurveyUSA
KS,37,52,Aug 11,Aug 11,Rasmussen
KS,32,52,Jul 14,Jul 14,Rasmussen
KS,37,47,Jun 11,Jun 11,Rasmussen
KS,39,49,May 16,May 18,SurveyUSA
KS,34,55,May 13,May 13,Rasmussen
KS,37,54,Apr 11,Apr 13,SurveyUSA
KS,39,51,Mar 14,Mar 16,SurveyUSA
KS,41,50,Feb 26,Feb 28,SurveyUSA
KS,44,50,Feb 15,Feb 17,SurveyUSA
KY,40,56,Oct 29,Nov 01,SurveyUSA
KY,42,51,Oct 27,Oct 29,Mason-Dixon
KY,43,55,Oct 29,Oct 29,Rasmussen
KY,44,52,Oct 21,Oct 21,Rasmussen
KY,41,54,Oct 18,Oct 20,SurveyUSA
KY,42,52,Sep 30,Sep 30,Rasmussen
KY,41,53,Sep 22,Sep 25,Mason-Dixon
KY,38,57,Sep 21,Sep 22,SurveyUSA
KY,37,57,Sep 08,Sep 12,ARG
KY,37,55,Aug 09,Aug 11,SurveyUSA
KY,39,49,Jul 20,Jul 29,Rasmussen
KY,39,49,Jul 29,Jul 29,Rasmussen
KY,35,51,Jun 25,Jun 25,Rasmussen
KY,41,53,Jun 13,Jun 16,SurveyUSA
KY,32,56,May 16,May 18,SurveyUSA
KY,29,63,Apr 11,Apr 13,SurveyUSA
KY,28,64,Mar 14,Mar 16,SurveyUSA
KY,33,54,Feb 26,Feb 28,SurveyUSA
KY,32,61,Feb 03,Feb 04,SurveyUSA
LA,40,43,Oct 24,Oct 26,Loyola U.
LA,38,51,Oct 20,Oct 23,Southeastern La. U.
LA,41,57,Oct 21,Oct 21,Rasmussen
LA,40,55,Sep 25,Sep 25,Rasmussen
LA,43,50,Sep 09,Sep 12,ARG
LA,38,55,Aug 17,Aug 17,Rasmussen
LA,37,56,Jul 09,Jul 09,Rasmussen
LA,36,52,Jun 26,Jun 28,Opinion Res.
LA,41,50,May 28,May 28,Rasmussen
LA,35,51,Mar 26,Apr 09,Opinion Res.
LA,41,52,Apr 09,Apr 09,Rasmussen
LA,39,54,Feb 26,Feb 28,SurveyUSA
ME,56,43,Nov 01,Nov 01,Rasmussen
ME,54,39,Oct 19,Oct 20,SurveyUSA
ME,56,35,Oct 16,Oct 19,Critical Insights
ME,51,39,Oct 13,Oct 16,Pan Atlantic SMS
ME,51,46,Oct 02,Oct 02,Rasmussen
ME,49,44,Sep 22,Sep 23,SurveyUSA
ME,50,46,Sep 17,Sep 17,Rasmussen
ME,51,41,Sep 08,Sep 10,ARG
ME,49,36,Aug 12,Aug 12,Rasmussen
ME,46,36,Jul 17,Jul 17,Rasmussen
ME,51,31,Jun 01,Jun 27,Critical Insights
ME,37,26,Jun 10,Jun 18,Pan Atlantic SMS
ME,55,33,Jun 16,Jun 16,Rasmussen
ME,51,38,May 14,May 14,Rasmussen
ME,49,39,Apr 01,Apr 01,Rasmussen
ME,53,39,Feb 26,Feb 28,SurveyUSA
MD,60,37,Sep 20,Sep 20,Rasmussen
MD,54,39,Sep 17,Sep 19,ARG
MD,52,38,Aug 29,Sep 05,Gonzales Research
MD,53,41,Aug 18,Aug 18,Rasmussen
MD,51,37,Feb 23,Mar 01,Gonzales Res.
MD,53,40,Feb 26,Feb 28,SurveyUSA
MA,56,39,Oct 27,Oct 28,SurveyUSA
MA,53,34,Oct 20,Oct 22,Suffolk U.
MA,59,35,Oct 13,Oct 14,SurveyUSA
MA,62,34,Oct 13,Oct 13,Rasmussen
MA,55,39,Sep 22,Sep 23,SurveyUSA
MA,58,38,Sep 23,Sep 23,Rasmussen
MA,55,39,Sep 20,Sep 22,ARG
MA,51,36,Aug 05,Aug 05,Rasmussen
MA,47,38,Jul 31,Aug 03,Suffolk U.
MA,53,33,Jun 30,Jun 30,Rasmussen
MA,53,40,Jun 25,Jun 27,SurveyUSA
MA,53,30,Jun 08,Jun 10,Suffolk U.
MA,51,38,May 29,May 29,Rasmussen
MA,46,41,May 16,May 18,SurveyUSA
MA,51,39,Apr 23,Apr 23,Rasmussen
MA,48,46,Apr 11,Apr 13,SurveyUSA
MA,49,42,Mar 18,Mar 18,Rasmussen
MA,47,47,Mar 14,Mar 16,SurveyUSA
MA,49,42,Feb 26,Feb 28,SurveyUSA
MA,48,46,Feb 15,Feb 17,SurveyUSA
MI,53,37,Oct 28,Oct 31,Selzer
MI,50,38,Oct 26,Oct 28,EPIC-MRA
MI,53,43,Oct 28,Oct 28,Rasmussen
MI,51,37,Oct 19,Oct 22,EPIC-MRA
MI,58,36,Oct 19,Oct 22,U. of Wisconsin
MI,54,38,Oct 08,Oct 12,Quinnipiac U.
MI,56,40,Oct 08,Oct 08,Rasmussen
MI,51,38,Sep 22,Sep 24,Selzer
MI,46,46,Sep 18,Sep 23,Mason-Dixon
MI,51,46,Sep 21,Sep 23,Opinion Research
MI,47,39,Sep 18,Sep 22,Financial Dynamics
MI,48,38,Sep 20,Sep 22,EPIC-MRA
MI,48,44,Sep 14,Sep 21,Quinnipiac U.
MI,51,44,Sep 21,Sep 21,Rasmussen
MI,43,46,Sep 15,Sep 19,Marketing Resource Grp.
MI,48,46,Sep 16,Sep 19,ARG
MI,43,42,Sep 14,Sep 17,EPIC-MRA
MI,48,44,Sep 14,Sep 17,U. of Wisconsin
MI,52,43,Sep 16,Sep 17,Marist Coll.
MI,44,45,Sep 09,Sep 10,Insider Advantage
MI,51,46,Sep 10,Sep 10,Rasmussen
MI,49,45,Sep 07,Sep 09,Opinion Research
MI,43,41,Aug 18,Aug 21,EPIC-MRA
MI,46,39,Aug 17,Aug 20,Selzer
MI,47,40,Aug 07,Aug 07,Rasmussen
MI,46,42,Jul 14,Jul 22,Quinnipiac U.
MI,43,41,Jul 13,Jul 16,EPIC-MRA
MI,50,42,Jul 10,Jul 10,Rasmussen
MI,48,42,Jun 17,Jun 24,Quinnipiac U.
MI,45,42,Jun 09,Jun 09,Rasmussen
MI,37,41,May 27,May 28,SurveyUSA
MI,40,44,May 19,May 22,EPIC-MRA
MI,44,45,May 08,May 08,Rasmussen
MI,44,45,May 07,May 07,Rasmussen
MI,43,41,Apr 03,Apr 08,EPIC-MRA
MI,42,43,Mar 25,Mar 25,Rasmussen
MI,41,44,Mar 10,Mar 10,Rasmussen
MI,46,45,Feb 26,Feb 28,SurveyUSA
MN,49,46,Oct 30,Nov 01,SurveyUSA
MN,53,42,Oct 29,Oct 31,Princeton Survey
MN,48,40,Oct 27,Oct 28,Mason-Dixon
MN,55,43,Oct 28,Oct 28,Rasmussen
MN,56,37,Oct 24,Oct 28,U. of Minnesota
MN,42,37,Oct 14,Oct 22,St. Cloud State U.
MN,56,41,Oct 22,Oct 22,Rasmussen
MN,57,38,Oct 19,Oct 22,U. of Wisconsin
MN,50,40,Oct 16,Oct 20,Financial Dynamics
MN,50,44,Oct 16,Oct 18,SurveyUSA
MN,52,41,Oct 16,Oct 17,Princeton Survey
MN,52,41,Oct 16,Oct 17,Star Tribune
MN,51,40,Oct 08,Oct 12,Quinnipiac U.
MN,47,46,Oct 04,Oct 07,ARG
MN,49,47,Oct 06,Oct 07,SurveyUSA
MN,52,45,Oct 07,Oct 07,Rasmussen
MN,54,40,Oct 03,Oct 05,U. of Minnesota
MN,55,37,Sep 30,Oct 02,Princeton Survey
MN,46,47,Sep 30,Oct 01,SurveyUSA
MN,54,43,Sep 28,Sep 30,Opinion Research
MN,47,45,Sep 14,Sep 21,Quinnipiac U.
MN,48,47,Sep 18,Sep 20,ARG
MN,52,44,Sep 18,Sep 18,Rasmussen
MN,47,45,Sep 14,Sep 17,U. of Wisconsin
MN,45,45,Sep 10,Sep 12,Princeton Survey
MN,49,47,Sep 10,Sep 11,SurveyUSA
MN,53,41,Aug 31,Sep 02,Opinion Research
MN,48,38,Aug 07,Aug 17,U. of Minnesota
MN,47,45,Aug 13,Aug 14,SurveyUSA
MN,46,42,Aug 13,Aug 13,Rasmussen
MN,46,44,Jul 14,Jul 22,Quinnipiac U.
MN,49,37,Jul 22,Jul 22,Rasmussen
MN,52,34,Jul 10,Jul 10,Rasmussen
MN,54,37,Jun 17,Jun 24,Quinnipiac U.
MN,47,46,Jun 13,Jun 16,SurveyUSA
MN,52,39,Jun 11,Jun 11,Rasmussen
MN,53,38,May 22,May 22,Rasmussen
MN,47,42,May 16,May 18,SurveyUSA
MN,51,38,May 12,May 15,Star Tribune
MN,52,38,Apr 22,Apr 22,Rasmussen
MN,49,43,Apr 11,Apr 13,SurveyUSA
MN,47,43,Mar 19,Mar 19,Rasmussen
MN,46,47,Mar 14,Mar 16,SurveyUSA
MN,49,42,Feb 26,Feb 28,SurveyUSA
MN,55,40,Feb 15,Feb 17,SurveyUSA
MN,53,38,Feb 16,Feb 16,Rasmussen
MS,45,53,Oct 27,Oct 27,Rasmussen
MS,33,46,Oct 13,Oct 23,U. of South Alabama
MS,33,46,Oct 13,Oct 23,USA Polling Group
MS,44,52,Sep 30,Sep 30,Rasmussen
MS,39,55,Sep 13,Sep 16,ARG
MS,41,54,Aug 21,Aug 21,Rasmussen
MS,41,52,Jul 28,Jul 28,Rasmussen
MS,44,50,Jun 24,Jun 24,Rasmussen
MS,44,50,May 27,May 27,Rasmussen
MS,41,54,Feb 26,Feb 28,SurveyUSA
MO,47,46,Oct 30,Nov 02,Zogby
MO,46,47,Oct 29,Oct 30,Mason-Dixon
MO,48,48,Oct 28,Oct 30,ARG
MO,47,50,Oct 29,Oct 29,Insider Advantage
MO,48,50,Oct 23,Oct 28,Opinion Research
MO,48,46,Oct 23,Oct 26,Zogby
MO,48,47,Oct 26,Oct 26,Rasmussen
MO,48,48,Oct 25,Oct 26,SurveyUSA
MO,45,46,Oct 22,Oct 23,Mason-Dixon
MO,44,45,Oct 17,Oct 19,Suffolk U.
MO,49,44,Oct 19,Oct 19,Rasmussen
MO,52,46,Oct 15,Oct 15,Rasmussen
MO,48,49,Oct 11,Oct 14,Opinion Research
MO,50,47,Oct 12,Oct 12,Rasmussen
MO,51,43,Oct 11,Oct 12,SurveyUSA
MO,46,49,Oct 04,Oct 06,ARG
MO,50,47,Oct 05,Oct 05,Rasmussen
MO,49,48,Sep 28,Sep 30,Opinion Research
MO,46,48,Sep 23,Sep 24,SurveyUSA
MO,45,50,Sep 11,Sep 15,ARG
MO,46,51,Sep 11,Sep 11,Rasmussen
MO,45,50,Sep 07,Sep 09,Opinion Research
MO,41,48,Aug 07,Aug 07,Rasmussen
MO,44,49,Jul 29,Jul 31,SurveyUSA
MO,42,47,Jul 07,Jul 07,Rasmussen
MO,43,50,Jun 20,Jun 22,SurveyUSA
MO,43,42,Jun 03,Jun 03,Rasmussen
MO,45,43,May 16,May 18,SurveyUSA
MO,41,47,May 06,May 06,Rasmussen
MO,42,50,Apr 11,Apr 13,SurveyUSA
MO,38,53,Mar 24,Mar 24,Rasmussen
MO,39,53,Mar 14,Mar 16,SurveyUSA
MO,42,48,Feb 26,Feb 28,SurveyUSA
MO,49,43,Feb 15,Feb 17,SurveyUSA
MO,40,42,Feb 12,Feb 12,Rasmussen
MT,46,49,Oct 28,Oct 30,ARG
MT,46,50,Oct 29,Oct 29,Rasmussen
MT,44,48,Oct 23,Oct 25,Mason-Dixon
MT,44,40,Oct 16,Oct 20,Montana State U.
MT,45,50,Oct 06,Oct 08,ARG
MT,44,52,Oct 01,Oct 01,Rasmussen
MT,43,54,Sep 21,Sep 23,Opinion Research
MT,47,49,Sep 07,Sep 09,ARG
MT,42,53,Sep 08,Sep 08,Rasmussen
MT,44,45,Jul 29,Jul 29,Rasmussen
MT,48,43,Jul 01,Jul 01,Rasmussen
MT,39,47,May 19,May 21,Mason-Dixon
MT,43,48,Apr 06,Apr 06,Rasmussen
MT,39,47,Feb 26,Feb 28,SurveyUSA
NE,37,56,Sep 30,Sep 30,Rasmussen
NE,34,60,Sep 12,Sep 17,ARG
NE,32,50,Jul 28,Jul 28,Rasmussen
NE,36,52,Jun 23,Jun 23,Rasmussen
NE,40,49,May 16,May 18,SurveyUSA
NE,39,50,May 15,May 15,Rasmussen
NE,42,45,Feb 26,Feb 28,SurveyUSA
NV,51,43,Oct 30,Nov 02,Zogby
NV,47,43,Oct 28,Oct 29,Mason-Dixon
NV,52,45,Oct 23,Oct 28,Opinion Research
NV,50,46,Oct 27,Oct 27,Rasmussen
NV,48,44,Oct 23,Oct 26,Zogby
NV,50,40,Oct 26,Oct 26,Suffolk U.
NV,52,40,Oct 23,Oct 26,GfK Roper
NV,51,46,Oct 19,Oct 21,Opinion Research
NV,47,47,Oct 19,Oct 19,Insider Advantage
NV,50,45,Oct 16,Oct 16,Rasmussen
NV,49,46,Oct 13,Oct 13,Insider Advantage
NV,47,45,Oct 08,Oct 09,Mason-Dixon
NV,49,47,Oct 06,Oct 06,Insider Advantage
NV,51,47,Oct 02,Oct 02,Rasmussen
NV,48,47,Sep 30,Sep 30,Insider Advantage
NV,51,47,Sep 28,Sep 30,Opinion Research
NV,47,49,Sep 27,Sep 29,ARG
NV,45,46,Sep 17,Sep 21,Suffolk U.
NV,46,49,Sep 12,Sep 14,ARG
NV,46,49,Sep 11,Sep 11,Rasmussen
NV,45,46,Sep 09,Sep 10,Insider Advantage
NV,49,44,Aug 24,Aug 26,Opinion Research
NV,39,46,Aug 13,Aug 15,Mason-Dixon
NV,42,45,Aug 11,Aug 11,Rasmussen
NV,42,40,Jul 16,Jul 16,Rasmussen
NV,42,45,Jun 18,Jun 18,Rasmussen
NV,42,44,Jun 09,Jun 11,Mason-Dixon
NV,40,46,May 20,May 20,Rasmussen
NV,43,48,Apr 21,Apr 21,Rasmussen
NV,45,41,Mar 19,Mar 19,Rasmussen
NV,46,41,Feb 26,Feb 28,SurveyUSA
NV,50,38,Feb 12,Feb 12,Rasmussen
NH,50,46,Oct 30,Oct 30,Rasmussen
NH,53,39,Oct 28,Oct 30,U. of New Hampshire
NH,53,42,Oct 29,Oct 30,SurveyUSA
NH,56,41,Oct 28,Oct 30,ARG
NH,53,40,Oct 27,Oct 29,Suffolk U.
NH,58,33,Oct 25,Oct 27,U. of New Hampshire
NH,55,37,Oct 22,Oct 26,GfK Roper
NH,50,39,Oct 23,Oct 25,Mason-Dixon
NH,50,45,Oct 22,Oct 23,Marist Coll.
NH,50,46,Oct 23,Oct 23,Rasmussen
NH,54,39,Oct 18,Oct 22,U. of New Hampshire
NH,52,43,Oct 06,Oct 08,ARG
NH,53,45,Oct 03,Oct 06,Opinion Research
NH,53,40,Oct 04,Oct 05,SurveyUSA
NH,53,43,Oct 01,Oct 01,Rasmussen
NH,49,37,Sep 25,Sep 30,Saint Anselm Coll.
NH,46,45,Sep 20,Sep 24,Suffolk U.
NH,47,49,Sep 23,Sep 23,Rasmussen
NH,44,43,Sep 18,Sep 22,Financial Dynamics
NH,45,47,Sep 14,Sep 21,U. of New Hampshire
NH,51,45,Sep 17,Sep 21,Marist Coll.
NH,45,48,Sep 13,Sep 15,ARG
NH,51,45,Sep 07,Sep 09,Opinion Research
NH,46,45,Aug 18,Aug 20,ARG
NH,43,42,Aug 19,Aug 19,Rasmussen
NH,47,41,Jul 23,Jul 23,Rasmussen
NH,47,45,Jul 19,Jul 21,ARG
NH,46,43,Jul 11,Jul 20,U. of New Hampshire
NH,50,39,Jun 18,Jun 18,Rasmussen
NH,51,39,Jun 13,Jun 17,ARG
NH,48,43,May 21,May 21,Rasmussen
NH,39,42,Apr 28,May 02,Dartmouth Coll.
NH,41,51,Apr 30,Apr 30,Rasmussen
NH,43,49,Apr 25,Apr 30,U. of New Hampshire
NH,43,46,Mar 16,Mar 16,Rasmussen
NH,46,44,Feb 26,Feb 28,SurveyUSA
NH,49,36,Feb 11,Feb 11,Rasmussen
NJ,52,42,Oct 29,Oct 30,SurveyUSA
NJ,55,34,Oct 24,Oct 30,Monmouth U.
NJ,53,35,Oct 23,Oct 29,Fairleigh Dickinson U.
NJ,56,39,Oct 20,Oct 21,Marist Coll.
NJ,59,36,Oct 16,Oct 19,Quinnipiac U.
NJ,55,38,Oct 15,Oct 18,Monmouth U.
NJ,55,40,Oct 11,Oct 12,SurveyUSA
NJ,50,42,Oct 07,Oct 07,Rasmussen
NJ,50,37,Sep 29,Oct 05,Fairleigh Dickinson U.
NJ,52,42,Sep 27,Sep 28,SurveyUSA
NJ,51,42,Sep 19,Sep 21,ARG
NJ,55,42,Sep 16,Sep 16,Rasmussen
NJ,48,45,Sep 10,Sep 14,Quinnipiac U.
NJ,49,41,Sep 11,Sep 14,Monmouth U.
NJ,48,45,Sep 05,Sep 08,Marist Coll.
NJ,47,41,Sep 04,Sep 07,Fairleigh Dickinson U.
NJ,51,41,Aug 04,Aug 10,Quinnipiac U.
NJ,48,40,Aug 04,Aug 04,Rasmussen
NJ,50,36,Jul 17,Jul 21,Monmouth U.
NJ,44,39,Jun 07,Jul 07,Rasmussen
NJ,49,33,Jun 17,Jun 23,Fairleigh Dickinson U.
NJ,45,39,Jun 05,Jun 08,Quinnipiac U.
NJ,48,39,Jun 04,Jun 04,Rasmussen
NJ,56,32,Apr 24,Apr 28,Monmouth U.
NJ,47,42,Mar 24,Mar 30,Fairleigh Dickinson U.
NJ,45,46,Mar 27,Mar 27,Rasmussen
NJ,43,43,Feb 26,Feb 28,SurveyUSA
NJ,43,45,Feb 27,Feb 27,Rasmussen
NJ,43,38,Feb 18,Feb 24,Fairleigh Dickinson U.
NJ,46,39,Feb 13,Feb 18,Quinnipiac U.
NM,52,45,Oct 29,Oct 31,SurveyUSA
NM,51,43,Oct 28,Oct 30,Research and Polling
NM,54,44,Oct 28,Oct 28,Rasmussen
NM,52,45,Oct 12,Oct 13,SurveyUSA
NM,55,42,Oct 13,Oct 13,Rasmussen
NM,45,40,Sep 29,Oct 02,Research and Polling
NM,49,44,Oct 01,Oct 01,Rasmussen
NM,52,44,Sep 29,Sep 30,SurveyUSA
NM,51,44,Sep 14,Sep 16,ARG
NM,52,44,Sep 14,Sep 16,SurveyUSA
NM,49,42,Sep 11,Sep 15,Financial Dynamics
NM,47,49,Sep 08,Sep 08,Rasmussen
NM,53,40,Aug 24,Aug 26,Opinion Research
NM,47,41,Aug 20,Aug 20,Rasmussen
NM,41,45,Aug 13,Aug 15,Mason-Dixon
NM,46,41,Jul 24,Jul 24,Rasmussen
NM,49,46,Jun 17,Jun 19,SurveyUSA
NM,47,39,Jun 18,Jun 18,Rasmussen
NM,44,44,May 16,May 18,SurveyUSA
NM,50,41,May 14,May 14,Rasmussen
NM,44,50,Apr 11,Apr 13,SurveyUSA
NM,45,42,Apr 08,Apr 08,Rasmussen
NM,51,45,Mar 14,Mar 16,SurveyUSA
NM,50,43,Feb 26,Feb 28,SurveyUSA
NM,44,44,Feb 17,Feb 18,Rasmussen
NM,55,40,Feb 15,Feb 17,SurveyUSA
NM,41,50,Jan 20,Jan 21,SurveyUSA
NY,62,33,Oct 27,Oct 28,SurveyUSA
NY,65,29,Oct 21,Oct 22,Marist Coll.
NY,62,31,Oct 19,Oct 21,Siena Coll.
NY,57,37,Oct 14,Oct 14,Rasmussen
NY,64,31,Oct 11,Oct 12,SurveyUSA
NY,58,36,Sep 28,Sep 30,Siena Coll.
NY,57,38,Sep 23,Sep 24,SurveyUSA
NY,55,38,Sep 14,Sep 16,ARG
NY,55,42,Sep 15,Sep 15,Rasmussen
NY,46,41,Sep 08,Sep 10,Siena Coll.
NY,47,39,Aug 11,Aug 14,Siena Coll.
NY,52,32,Aug 04,Aug 04,Rasmussen
NY,57,36,Jul 31,Aug 04,Quinnipiac U.
NY,44,26,Jul 17,Jul 29,Siena Coll.
NY,50,37,Jul 07,Jul 10,Siena Coll.
NY,60,29,Jun 30,Jun 30,Rasmussen
NY,57,37,Jun 25,Jun 27,SurveyUSA
NY,51,32,Jun 06,Jun 11,NY Times
NY,51,33,Jun 09,Jun 11,Siena Coll.
NY,50,36,Jun 03,Jun 08,Quinnipiac U.
NY,52,33,May 28,May 28,Rasmussen
NY,48,38,May 16,May 18,SurveyUSA
NY,48,38,May 16,May 17,SurveyUSA
NY,49,38,May 12,May 14,Siena Coll.
NY,52,35,May 01,May 01,Rasmussen
NY,45,40,Apr 13,Apr 16,Siena Coll.
NY,47,39,Apr 14,Apr 15,Quinnipiac U.
NY,52,43,Apr 11,Apr 13,SurveyUSA
NY,46,48,Apr 03,Apr 08,Marist Coll.
NY,49,38,Mar 16,Mar 18,Quinnipiac U.
NY,52,44,Mar 14,Mar 16,SurveyUSA
NY,51,38,Mar 11,Mar 11,Rasmussen
NY,52,38,Feb 26,Feb 28,SurveyUSA
NY,57,36,Feb 15,Feb 17,SurveyUSA
NY,47,40,Feb 11,Feb 14,Siena Coll.
NY,49,43,Jan 20,Jan 21,SurveyUSA
NY,44,42,Jan 14,Jan 17,Siena Coll.
NC,48,49,Oct 30,Nov 02,Zogby
NC,45,38,Oct 27,Oct 30,Elon U.
NC,46,49,Oct 29,Oct 30,Mason-Dixon
NC,48,48,Oct 29,Oct 29,Insider Advantage
NC,50,48,Oct 29,Oct 29,Rasmussen
NC,52,46,Oct 23,Oct 28,Opinion Research
NC,47,43,Oct 23,Oct 27,Financial Dynamics
NC,48,46,Oct 22,Oct 26,GfK Roper
NC,48,49,Oct 26,Oct 26,Rasmussen
NC,50,46,Oct 23,Oct 26,Zogby
NC,47,47,Oct 22,Oct 24,Mason-Dixon
NC,48,50,Oct 23,Oct 23,Rasmussen
NC,48,46,Oct 20,Oct 21,Marshall Marketing
NC,51,47,Oct 19,Oct 21,Opinion Research
NC,47,47,Oct 18,Oct 20,SurveyUSA
NC,45,44,Sep 28,Oct 19,Winthrop U.
NC,49,48,Oct 19,Oct 19,Insider Advantage
NC,51,48,Oct 19,Oct 19,Rasmussen
NC,48,46,Oct 13,Oct 13,Insider Advantage
NC,48,48,Oct 12,Oct 12,Rasmussen
NC,49,48,Oct 08,Oct 08,Rasmussen
NC,46,48,Oct 06,Oct 07,Marshall Marketing
NC,46,49,Oct 05,Oct 06,SurveyUSA
NC,49,49,Oct 03,Oct 06,Opinion Research
NC,50,47,Sep 30,Sep 30,Rasmussen
NC,46,49,Sep 27,Sep 29,ARG
NC,49,47,Sep 23,Sep 23,Rasmussen
NC,35,41,Sep 15,Sep 18,Elon U.
NC,47,50,Sep 18,Sep 18,Rasmussen
NC,41,52,Sep 13,Sep 16,ARG
NC,47,48,Sep 14,Sep 16,Opinion Research
NC,38,58,Sep 06,Sep 08,SurveyUSA
NC,43,45,Aug 19,Aug 19,Insider Advantage
NC,42,46,Aug 13,Aug 13,Rasmussen
NC,45,49,Aug 09,Aug 11,SurveyUSA
NC,42,45,Jul 15,Jul 15,Rasmussen
NC,45,50,Jul 12,Jul 14,SurveyUSA
NC,43,45,Jun 10,Jun 10,Rasmussen
NC,43,51,May 17,May 19,SurveyUSA
NC,45,48,May 08,May 08,Rasmussen
NC,39,48,Apr 09,Apr 10,Tel Opinion Research
NC,47,47,Apr 10,Apr 10,Rasmussen
NC,42,51,Mar 20,Mar 20,Rasmussen
NC,45,47,Feb 26,Feb 28,SurveyUSA
ND,45,43,Oct 06,Oct 08,Minnesota State U.
ND,43,52,Sep 15,Sep 17,ARG
ND,41,55,Sep 08,Sep 08,Rasmussen
ND,43,40,Aug 23,Aug 27,DFM Research
ND,43,43,Jul 08,Jul 08,Rasmussen
ND,38,44,Mar 24,Apr 03,Dakota Wesleyan U.
ND,46,42,Feb 26,Feb 28,SurveyUSA
OH,50,44,Oct 30,Nov 02,Zogby
OH,52,46,Oct 22,Oct 31,Columbus Dispatch
OH,45,47,Oct 29,Oct 30,Mason-Dixon
OH,51,47,Oct 23,Oct 28,Opinion Research
OH,48,41,Oct 23,Oct 27,Financial Dynamics
OH,49,40,Oct 25,Oct 27,LA Times
OH,49,45,Oct 26,Oct 27,SurveyUSA
OH,48,41,Oct 22,Oct 26,GfK Roper
OH,48,45,Oct 24,Oct 26,Marist Coll.
OH,49,45,Oct 26,Oct 26,Rasmussen
OH,50,45,Oct 23,Oct 26,Zogby
OH,51,42,Oct 22,Oct 26,Quinnipiac U.
OH,57,41,Oct 12,Oct 23,Ohio U.
OH,49,46,Oct 18,Oct 22,U. of Cincinnati
OH,52,42,Oct 22,Oct 22,Insider Advantage
OH,53,41,Oct 19,Oct 22,U. of Wisconsin
OH,50,46,Oct 19,Oct 21,Opinion Research
OH,52,38,Oct 16,Oct 21,Quinnipiac U.
OH,47,49,Oct 19,Oct 19,Rasmussen
OH,51,42,Oct 16,Oct 19,Suffolk U.
OH,45,46,Oct 16,Oct 17,Mason-Dixon
OH,45,41,Sep 24,Oct 15,U. of Akron
OH,49,49,Oct 14,Oct 14,Rasmussen
OH,50,45,Oct 12,Oct 13,SurveyUSA
OH,49,47,Oct 12,Oct 12,Rasmussen
OH,49,44,Oct 09,Oct 09,Insider Advantage
OH,46,48,Oct 04,Oct 08,U. of Cincinnati
OH,49,45,Oct 05,Oct 08,Marist Coll.
OH,48,45,Oct 04,Oct 07,ARG
OH,50,47,Oct 03,Oct 06,Opinion Research
OH,47,48,Oct 05,Oct 05,Rasmussen
OH,51,45,Oct 03,Oct 05,ABC News
OH,51,45,Oct 03,Oct 05,Washington Post
OH,49,42,Sep 24,Oct 03,Columbus Dispatch
OH,47,45,Sep 29,Sep 29,Insider Advantage
OH,48,49,Sep 28,Sep 29,SurveyUSA
OH,50,42,Sep 27,Sep 29,Quinnipiac U.
OH,47,48,Sep 28,Sep 28,Rasmussen
OH,46,47,Sep 23,Sep 23,Rasmussen
OH,46,46,Sep 22,Sep 22,Insider Advantage
OH,46,50,Sep 21,Sep 21,Rasmussen
OH,46,45,Sep 14,Sep 17,U. of Wisconsin
OH,42,48,Sep 12,Sep 16,U. of Cincinnati
OH,49,47,Sep 14,Sep 16,Opinion Research
OH,41,42,Sep 11,Sep 15,Financial Dynamics
OH,47,45,Sep 11,Sep 15,Marist Coll.
OH,45,48,Sep 14,Sep 14,Rasmussen
OH,45,49,Sep 12,Sep 14,SurveyUSA
OH,42,46,Sep 10,Sep 13,Suffolk U.
OH,44,50,Sep 10,Sep 13,ARG
OH,44,48,Sep 05,Sep 10,U. of Cincinnati
OH,47,48,Sep 09,Sep 10,Insider Advantage
OH,49,44,Sep 05,Sep 09,Quinnipiac U.
OH,44,51,Sep 07,Sep 07,Rasmussen
OH,47,45,Aug 31,Sep 02,Opinion Research
OH,44,43,Aug 17,Aug 24,Quinnipiac U.
OH,41,42,Aug 12,Aug 21,Columbus Dispatch
OH,41,45,Aug 18,Aug 18,Rasmussen
OH,40,40,Jul 17,Aug 17,U. of Akron
OH,46,44,Jul 23,Jul 29,Quinnipiac U.
OH,40,46,Jul 21,Jul 21,Rasmussen
OH,48,46,Jun 20,Jun 22,SurveyUSA
OH,43,44,Jun 17,Jun 17,Rasmussen
OH,48,42,Jun 09,Jun 16,Quinnipiac U.
OH,40,44,May 13,May 20,Quinnipiac U.
OH,48,39,May 16,May 18,SurveyUSA
OH,44,45,May 14,May 14,Rasmussen
OH,42,43,Apr 23,Apr 29,Quinnipiac U.
OH,45,47,Apr 11,Apr 13,SurveyUSA
OH,40,47,Apr 08,Apr 08,Rasmussen
OH,43,42,Mar 24,Mar 31,Quinnipiac U.
OH,43,50,Mar 14,Mar 16,SurveyUSA
OH,40,46,Mar 13,Mar 13,Rasmussen
OH,50,40,Feb 26,Feb 28,SurveyUSA
OH,48,47,Feb 21,Feb 24,U. of Cincinnati
OH,41,42,Feb 17,Feb 17,Rasmussen
OH,47,44,Feb 15,Feb 17,SurveyUSA
OH,40,42,Feb 06,Feb 12,Quinnipiac U.
OH,43,50,Jan 04,Jan 06,SurveyUSA
OK,34,63,Oct 28,Oct 29,SurveyUSA
OK,35,59,Oct 18,Oct 19,SurveyUSA
OK,32,63,Oct 10,Oct 12,TV Poll
OK,29,66,Oct 04,Oct 05,TV Poll
OK,34,64,Sep 28,Sep 29,SurveyUSA
OK,34,61,Sep 15,Sep 18,ARG
OK,32,63,Sep 11,Sep 11,Rasmussen
OK,32,65,Sep 05,Sep 07,SurveyUSA
OK,24,56,Jul 19,Jul 23,Sooner Poll
OK,34,57,Feb 26,Feb 28,SurveyUSA
OR,54,42,Oct 30,Oct 30,Rasmussen
OR,57,38,Oct 29,Oct 30,SurveyUSA
OR,49,41,Oct 18,Oct 27,Northern Arizona U.
OR,57,38,Oct 25,Oct 26,SurveyUSA
OR,48,34,Oct 10,Oct 20,Riley Research
OR,54,41,Oct 14,Oct 14,Rasmussen
OR,57,40,Oct 11,Oct 12,SurveyUSA
OR,54,43,Oct 09,Oct 09,Rasmussen
OR,52,41,Sep 22,Sep 23,SurveyUSA
OR,52,41,Sep 19,Sep 22,ARG
OR,51,47,Sep 15,Sep 15,Rasmussen
OR,50,40,Sep 11,Sep 14,Davis Hibbitts Midghall
OR,47,37,Aug 07,Aug 07,Rasmussen
OR,48,45,Aug 02,Aug 04,SurveyUSA
OR,46,37,Jul 16,Jul 16,Rasmussen
OR,48,45,Jun 17,Jun 19,SurveyUSA
OR,46,38,Jun 11,Jun 11,Rasmussen
OR,49,39,May 16,May 18,SurveyUSA
OR,52,38,May 07,May 07,Rasmussen
OR,51,42,Apr 11,Apr 13,SurveyUSA
OR,48,42,Mar 26,Mar 26,Rasmussen
OR,50,41,Mar 14,Mar 16,SurveyUSA
OR,49,41,Feb 26,Feb 28,SurveyUSA
OR,46,38,Feb 07,Feb 18,Riley Res.
OR,48,47,Feb 15,Feb 17,SurveyUSA
OR,49,40,Feb 13,Feb 13,Rasmussen
OR,47,47,Jan 11,Jan 13,SurveyUSA
PA,54,40,Oct 30,Nov 02,Zogby
PA,52,45,Oct 28,Nov 01,Muhlenberg Coll.
PA,52,46,Nov 01,Nov 01,Rasmussen
PA,51,44,Oct 29,Oct 31,SurveyUSA
PA,51,45,Oct 29,Oct 31,ARG
PA,51,47,Oct 30,Oct 30,Rasmussen
PA,47,43,Oct 27,Oct 28,Mason-Dixon
PA,55,43,Oct 23,Oct 28,Opinion Research
PA,53,41,Oct 23,Oct 27,Muhlenberg Coll.
PA,53,46,Oct 27,Oct 27,Rasmussen
PA,55,41,Oct 26,Oct 27,Marist Coll.
PA,50,41,Oct 20,Oct 26,Temple U.
PA,51,42,Oct 26,Oct 26,Insider Advantage
PA,52,40,Oct 22,Oct 26,GfK Roper
PA,53,40,Oct 21,Oct 26,Franklin+Marshall Coll.
PA,53,40,Oct 22,Oct 26,Siena Coll.
PA,53,41,Oct 22,Oct 26,Quinnipiac U.
PA,52,41,Oct 19,Oct 22,U. of Wisconsin
PA,52,42,Oct 18,Oct 22,Muhlenberg Coll.
PA,53,41,Oct 21,Oct 22,SurveyUSA
PA,53,40,Oct 16,Oct 21,Quinnipiac U.
PA,51,41,Oct 16,Oct 20,Financial Dynamics
PA,48,40,Oct 16,Oct 19,Susquehanna Polling
PA,52,39,Oct 13,Oct 17,Muhlenberg Coll.
PA,55,40,Oct 11,Oct 13,SurveyUSA
PA,51,38,Oct 08,Oct 12,Muhlenberg Coll.
PA,50,39,Oct 05,Oct 09,Muhlenberg Coll.
PA,53,41,Oct 05,Oct 08,Marist Coll.
PA,52,42,Oct 03,Oct 06,West Chester U.
PA,54,41,Oct 06,Oct 06,Rasmussen
PA,55,40,Oct 05,Oct 06,SurveyUSA
PA,50,40,Sep 30,Oct 04,Muhlenberg Coll.
PA,49,41,Sep 25,Sep 29,Muhlenberg Coll.
PA,54,39,Sep 27,Sep 29,Quinnipiac U.
PA,48,43,Sep 23,Sep 28,Franklin+Marshall Coll.
PA,50,42,Sep 28,Sep 28,Rasmussen
PA,47,43,Sep 21,Sep 25,Muhlenberg Coll.
PA,49,45,Sep 24,Sep 24,Rasmussen
PA,50,44,Sep 23,Sep 24,SurveyUSA
PA,53,44,Sep 21,Sep 23,Opinion Research
PA,43,41,Sep 18,Sep 22,Financial Dynamics
PA,50,46,Sep 20,Sep 22,ARG
PA,48,45,Sep 21,Sep 21,Rasmussen
PA,46,44,Sep 16,Sep 18,Mason-Dixon
PA,45,45,Sep 14,Sep 17,U. of Wisconsin
PA,49,44,Sep 11,Sep 15,Marist Coll.
PA,47,47,Sep 14,Sep 14,Rasmussen
PA,48,45,Sep 05,Sep 09,Quinnipiac U.
PA,47,45,Sep 07,Sep 07,Rasmussen
PA,48,43,Aug 24,Aug 26,Opinion Research
PA,49,42,Aug 17,Aug 24,Quinnipiac U.
PA,45,40,Aug 19,Aug 19,Rasmussen
PA,46,41,Aug 11,Aug 14,Susquehanna Polling
PA,46,41,Aug 04,Aug 10,Franklin+Marshall Coll.
PA,49,42,Jul 23,Jul 29,Quinnipiac U.
PA,47,42,Jul 23,Jul 23,Rasmussen
PA,46,42,Jun 22,Jun 22,Rasmussen
PA,52,40,Jun 09,Jun 16,Quinnipiac U.
PA,45,43,May 21,May 21,Rasmussen
PA,46,40,May 13,May 20,Quinnipiac U.
PA,48,40,May 16,May 18,SurveyUSA
PA,46,39,May 01,May 06,Susquehanna Polling
PA,47,38,Apr 23,Apr 29,Quinnipiac U.
PA,43,44,Apr 24,Apr 24,Rasmussen
PA,47,39,Apr 09,Apr 09,Rasmussen
PA,47,40,Mar 27,Apr 09,Temple U.
PA,43,39,Mar 24,Mar 31,Quinnipiac U.
PA,41,45,Mar 05,Mar 10,Susquehanna Polling
PA,43,44,Mar 10,Mar 10,Rasmussen
PA,42,47,Feb 26,Feb 28,SurveyUSA
PA,43,44,Feb 13,Feb 18,Franklin+Marshall Coll.
PA,39,42,Feb 09,Feb 17,Muhlenberg Coll.
PA,49,39,Feb 14,Feb 14,Rasmussen
PA,42,41,Feb 06,Feb 12,Quinnipiac U.
PA,38,46,Jan 08,Jan 08,Rasmussen
RI,48,26,Sep 30,Oct 01,Opinion Factor
RI,47,34,Sep 15,Sep 16,Brown U.
RI,58,39,Sep 13,Sep 13,Rasmussen
RI,59,33,Sep 11,Sep 13,ARG
RI,51,30,Aug 18,Aug 20,Brown U.
RI,55,31,Jun 30,Jun 30,Rasmussen
RI,53,25,Jun 18,Jun 27,Rhode Island Coll.
RI,53,38,Feb 26,Feb 28,SurveyUSA
SC,44,52,Oct 28,Oct 29,SurveyUSA
SC,42,53,Oct 25,Oct 28,Princeton Survey
SC,43,54,Oct 20,Oct 20,Rasmussen
SC,35,55,Sep 28,Oct 19,Winthrop U.
SC,41,55,Oct 12,Oct 13,SurveyUSA
SC,39,58,Sep 21,Sep 22,SurveyUSA
SC,45,51,Sep 18,Sep 18,Rasmussen
SC,37,59,Sep 14,Sep 17,ARG
SC,39,48,Jun 05,Jun 05,Rasmussen
SC,45,48,Feb 26,Feb 28,SurveyUSA
SD,44,53,Oct 30,Oct 30,Rasmussen
SD,41,48,Oct 13,Oct 15,Mason-Dixon
SD,39,55,Sep 19,Sep 21,ARG
SD,37,54,Sep 09,Sep 09,Rasmussen
SD,43,47,Jul 09,Jul 09,Rasmussen
SD,34,51,Mar 24,Apr 03,Dakota Wesleyan U.
SD,38,48,Mar 04,Mar 04,Rasmussen
SD,43,47,Feb 26,Feb 28,SurveyUSA
TN,42,54,Oct 16,Oct 16,Rasmussen
TN,39,58,Sep 29,Sep 29,Rasmussen
TN,35,55,Sep 15,Sep 27,Middle Tenn. State U.
TN,36,48,Sep 15,Sep 27,Middle Tenn. State U.
TN,39,55,Sep 22,Sep 24,Mason-Dixon
TN,36,59,Sep 16,Sep 19,ARG
TN,32,56,Aug 20,Aug 20,Rasmussen
TN,36,51,Jun 24,Jun 24,Rasmussen
TN,31,58,Apr 03,Apr 03,Rasmussen
TN,38,54,Feb 26,Feb 28,SurveyUSA
TN,36,50,Feb 11,Feb 23,Middle Tenn. State U.
TX,40,51,Oct 15,Oct 22,U. of Texas
TX,44,54,Oct 21,Oct 21,Rasmussen
TX,38,57,Oct 05,Oct 08,ARG
TX,43,52,Sep 29,Sep 29,Rasmussen
TX,36,57,Sep 13,Sep 16,ARG
TX,41,50,Aug 21,Aug 21,Rasmussen
TX,33,43,Jul 18,Jul 30,U. of Texas
TX,41,50,Jul 30,Jul 30,Rasmussen
TX,39,48,Jun 25,Jun 25,Rasmussen
TX,38,43,Jun 12,Jun 20,Texas Lyceum
TX,39,52,Jun 02,Jun 02,Rasmussen
TX,43,48,May 01,May 01,Rasmussen
TX,46,47,Feb 26,Feb 28,SurveyUSA
TX,41,49,Feb 23,Feb 25,SurveyUSA
TX,44,52,Feb 14,Feb 17,Opinion Res.
UT,32,57,Oct 24,Oct 30,Dan Jones
UT,32,55,Oct 23,Oct 25,Mason-Dixon
UT,29,65,Sep 10,Sep 13,ARG
UT,24,62,Sep 08,Sep 11,Dan Jones
UT,32,64,Sep 10,Sep 10,Rasmussen
UT,23,62,Aug 13,Aug 15,Mason-Dixon
UT,29,57,Jun 16,Jun 19,Dan Jones
UT,33,52,Jun 19,Jun 19,Rasmussen
UT,27,62,May 13,May 19,Dan Jones
UT,39,50,Feb 26,Feb 28,SurveyUSA
VT,60,36,Oct 09,Oct 09,Rasmussen
VT,56,38,Sep 18,Sep 22,ARG
VT,60,36,Sep 13,Sep 13,Rasmussen
VT,63,29,Feb 26,Feb 28,SurveyUSA
VA,51,45,Oct 30,Nov 02,Zogby
VA,50,46,Oct 30,Nov 01,SurveyUSA
VA,47,44,Oct 29,Oct 30,Mason-Dixon
VA,53,44,Oct 23,Oct 28,Opinion Research
VA,48,44,Oct 23,Oct 27,Financial Dynamics
VA,51,47,Oct 26,Oct 27,Marist Coll.
VA,48,39,Oct 19,Oct 26,Roanoke Coll.
VA,49,42,Oct 22,Oct 26,GfK Roper
VA,51,47,Oct 26,Oct 26,Rasmussen
VA,52,43,Oct 25,Oct 26,SurveyUSA
VA,52,45,Oct 23,Oct 26,Zogby
VA,52,44,Oct 22,Oct 25,Washington Post
VA,51,40,Oct 20,Oct 22,Virg. Commonwealth U.
VA,47,45,Oct 20,Oct 21,Mason-Dixon
VA,54,44,Oct 19,Oct 21,Opinion Research
VA,45,44,Sep 28,Oct 19,Winthrop U.
VA,51,45,Oct 18,Oct 19,SurveyUSA
VA,54,44,Oct 16,Oct 16,Rasmussen
VA,49,43,Oct 11,Oct 14,Christopher Newport U.
VA,53,43,Oct 11,Oct 14,Opinion Research
VA,50,47,Oct 12,Oct 12,Rasmussen
VA,50,48,Oct 05,Oct 05,Rasmussen
VA,51,39,Oct 03,Oct 05,Suffolk U.
VA,53,43,Oct 04,Oct 05,SurveyUSA
VA,45,48,Sep 29,Oct 01,Mason-Dixon
VA,53,44,Sep 28,Sep 30,Opinion Research
VA,46,49,Sep 27,Sep 29,ARG
VA,51,45,Sep 29,Sep 29,Insider Advantage
VA,50,47,Sep 28,Sep 28,Rasmussen
VA,50,45,Sep 25,Sep 25,Rasmussen
VA,44,47,Sep 17,Sep 22,Mason-Dixon
VA,48,50,Sep 21,Sep 21,Rasmussen
VA,49,46,Sep 18,Sep 21,ABC News
VA,49,46,Sep 18,Sep 21,Washington Post
VA,51,45,Sep 19,Sep 21,SurveyUSA
VA,46,48,Sep 17,Sep 20,ARG
VA,46,48,Sep 17,Sep 17,Insider Advantage
VA,41,48,Sep 11,Sep 15,Financial Dynamics
VA,39,48,Sep 10,Sep 14,Christopher Newport U.
VA,48,48,Sep 14,Sep 14,Rasmussen
VA,50,46,Sep 12,Sep 14,SurveyUSA
VA,46,50,Sep 07,Sep 09,Opinion Research
VA,47,49,Sep 05,Sep 07,SurveyUSA
VA,47,49,Sep 07,Sep 07,Rasmussen
VA,43,43,Aug 12,Aug 12,Insider Advantage
VA,46,45,Aug 12,Aug 12,Rasmussen
VA,47,48,Aug 08,Aug 10,SurveyUSA
VA,44,44,Jul 16,Jul 16,Rasmussen
VA,49,47,Jun 20,Jun 22,SurveyUSA
VA,45,44,Jun 12,Jun 12,Rasmussen
VA,36,44,May 12,May 18,Virg. Commonwealth U.
VA,49,42,May 16,May 18,SurveyUSA
VA,44,47,May 08,May 08,Rasmussen
VA,44,52,Apr 11,Apr 13,SurveyUSA
VA,41,52,Mar 27,Mar 27,Rasmussen
VA,48,47,Mar 14,Mar 16,SurveyUSA
VA,47,47,Feb 26,Feb 28,SurveyUSA
VA,44,49,Feb 19,Feb 19,Rasmussen
VA,51,45,Feb 15,Feb 17,SurveyUSA
VA,40,52,Jan 16,Jan 17,SurveyUSA
WA,51,39,Oct 27,Oct 31,U. of Washington
WA,56,39,Oct 26,Oct 27,SurveyUSA
WA,55,34,Oct 18,Oct 26,U. of Washington
WA,54,43,Oct 22,Oct 22,Rasmussen
WA,55,36,Oct 16,Oct 19,Elway Poll
WA,56,40,Oct 12,Oct 13,SurveyUSA
WA,53,43,Oct 02,Oct 02,Rasmussen
WA,54,43,Sep 21,Sep 22,SurveyUSA
WA,50,44,Sep 16,Sep 18,ARG
WA,49,47,Sep 10,Sep 10,Rasmussen
WA,45,39,Sep 06,Sep 08,Elway Poll
WA,49,45,Sep 05,Sep 07,SurveyUSA
WA,51,44,Aug 11,Aug 12,SurveyUSA
WA,52,40,Aug 06,Aug 06,Rasmussen
WA,47,35,Jul 22,Jul 31,Elway Poll
WA,55,39,Jul 13,Jul 15,SurveyUSA
WA,51,43,Jul 09,Jul 09,Rasmussen
WA,55,40,Jun 17,Jun 19,SurveyUSA
WA,53,35,Jun 09,Jun 09,Rasmussen
WA,56,39,Jun 07,Jun 09,SurveyUSA
WA,44,38,May 21,May 25,Elway Poll
WA,52,36,May 16,May 18,SurveyUSA
WA,51,40,May 12,May 12,Rasmussen
WA,54,42,May 12,May 12,SurveyUSA
WA,53,40,Apr 14,Apr 16,SurveyUSA
WA,51,44,Apr 07,Apr 07,SurveyUSA
WA,48,43,Mar 27,Mar 27,Rasmussen
WA,45,39,Mar 18,Mar 20,Elway Poll
WA,52,41,Mar 14,Mar 16,SurveyUSA
WA,44,45,Feb 28,Feb 28,Rasmussen
WA,52,38,Feb 26,Feb 28,SurveyUSA
WA,55,38,Feb 03,Feb 04,SurveyUSA
WA,52,43,Jan 11,Jan 13,SurveyUSA
WV,40,50,Oct 23,Oct 26,Zogby
WV,44,49,Oct 20,Oct 21,West Virginia Wesleyan U.
WV,44,53,Oct 19,Oct 21,Opinion Research
WV,43,52,Oct 20,Oct 20,Rasmussen
WV,41,47,Oct 16,Oct 17,Mason-Dixon
WV,47,49,Oct 13,Oct 13,Insider Advantage
WV,50,42,Oct 04,Oct 08,ARG
WV,42,50,Sep 24,Sep 24,Rasmussen
WV,46,50,Sep 21,Sep 23,Opinion Research
WV,45,49,Sep 14,Sep 16,ARG
WV,39,44,Sep 05,Sep 08,Mark Blankenship
WV,37,45,Jun 02,Jun 02,Rasmussen
WV,35,53,Feb 26,Feb 28,SurveyUSA
WI,55,39,Oct 28,Oct 29,SurveyUSA
WI,52,42,Oct 21,Oct 28,U. of Wisconsin
WI,54,38,Oct 21,Oct 28,U. of Wisconsin
WI,51,44,Oct 23,Oct 23,Rasmussen
WI,53,40,Oct 19,Oct 22,U. of Wisconsin
WI,53,40,Oct 16,Oct 20,Financial Dynamics
WI,51,43,Oct 18,Oct 19,SurveyUSA
WI,51,38,Oct 09,Oct 17,St. Norbert Coll.
WI,51,39,Oct 16,Oct 17,Mason-Dixon
WI,51,36,Oct 08,Oct 15,U. of Wisconsin
WI,54,37,Oct 08,Oct 12,Quinnipiac U.
WI,51,46,Oct 03,Oct 06,Opinion Research
WI,52,42,Oct 05,Oct 06,SurveyUSA
WI,54,44,Oct 06,Oct 06,Rasmussen
WI,49,42,Sep 14,Sep 21,Quinnipiac U.
WI,50,45,Sep 18,Sep 21,ARG
WI,45,44,Sep 14,Sep 17,U. of Wisconsin
WI,49,45,Sep 14,Sep 16,Opinion Research
WI,50,47,Sep 14,Sep 16,Opinion Research
WI,48,46,Sep 15,Sep 15,Rasmussen
WI,47,43,Aug 05,Aug 05,Rasmussen
WI,44,38,Aug 03,Aug 04,Wisconsin Policy Res. Inst.
WI,50,39,Jul 14,Jul 22,Quinnipiac U.
WI,50,39,Jul 08,Jul 08,Rasmussen
WI,52,39,Jun 17,Jun 24,Quinnipiac U.
WI,52,43,Jun 13,Jun 16,SurveyUSA
WI,50,37,Jun 08,Jun 10,U. of Wisconsin
WI,45,43,Jun 05,Jun 05,Rasmussen
WI,48,42,May 16,May 18,SurveyUSA
WI,43,47,May 05,May 05,Rasmussen
WI,47,43,Apr 15,Apr 24,U. of Wisconsin
WI,49,44,Apr 11,Apr 13,SurveyUSA
WI,46,42,Mar 25,Apr 05,St. Norbert Coll.
WI,46,48,Mar 26,Mar 26,Rasmussen
WI,48,44,Mar 14,Mar 16,SurveyUSA
WI,51,40,Feb 26,Feb 28,SurveyUSA
WI,44,43,Feb 21,Feb 21,Rasmussen
WI,52,42,Feb 15,Feb 17,SurveyUSA
WY,37,58,Oct 18,Oct 19,SurveyUSA
WY,32,58,Oct 13,Oct 14,Mason-Dixon
WY,28,66,Sep 09,Sep 11,ARG
WY,39,58,Sep 10,Sep 10,Rasmussen
WY,25,62,Aug 13,Aug 15,Mason-Dixon
WY,35,54,Feb 26,Feb 28,SurveyUSA
